{"r2": 0.7917266906088422, "mae": 659.2972124070573, "rmse": 1737.595060708173}